GREY,SALOON,2490,2015,11,1620,BMW,525I,PETROL,GERMANY,ROTORUA DISTRICT,2006,WBANE52080C
GREEN,STATION WAGON,1998,2008,6,1890,TOYOTA,VISTA,PETROL,JAPAN,DUNEDIN CITY,1999,7A8H6160708
SILVER,CONVERTIBLE,2970,2006,8,1450,BMW,Z3,PETROL,GERMANY,TIMARU DISTRICT,2002,WBACN52000L
GREEN,SALOON,1500,1995,2,0,HONDA,CIVIC,PETROL,JAPAN,CLUTHA DISTRICT,1994,7A3EG8520RN
GREEN,SALOON,3900,1990,5,0,FORD,FALCON,PETROL,AUSTRALIA,TASMAN DISTRICT,1990,6FPAAAJG23K
SILVER,STATION WAGON,1790,2015,11,1735,AUDI,A3,PETROL,GERMANY,CHRISTCHURCH CITY,2008,WAUZZZ8P98A
GREEN,HATCHBACK,1490,2015,8,1415,NISSAN,TIIDA,PETROL,JAPAN,AUCKLAND,2006,7AT0DH78X15
BLACK,UTILITY,5720,2015,11,2785,CHEVROLET,C1500,PETROL,UNITED STATES,LOWER HUTT CITY,1995,1GCEC19K1RE
RED,HATCHBACK,1998,2015,12,1840,MAZDA,MAZDA3,PETROL,JAPAN,PALMERSTON NORTH CITY,2015,JM0BM547810
WHITE,CARAVAN,0,2015,2,1000,ZEPHYR,RETRO,0,NEW ZEALAND,CHRISTCHURCH CITY,1965,0
SILVER,HATCHBACK,3180,2015,12,1865,VOLKSWAGEN,GOLF,PETROL,GERMANY,CHRISTCHURCH CITY,2007,WVWZZZ1KZ7W
WHITE,SELF PROPELLED CARAVAN,2287,2015,12,3500,FIAT,DUCATO,DIESEL,UNITED KINGDOM,TIMARU DISTRICT,2015,ZFA25000002
BLACK,LIGHT VAN,2497,2013,7,3160,HYUNDAI,ILOAD,DIESEL,SOUTH KOREA,NEW PLYMOUTH DISTRICT,2013,KMFWBX7KLDU
BLACK,FLAT-DECK TRAILER,0,2015,12,0,TRAILER,CAR TRANSPORT,0,NEW ZEALAND,WAIKATO DISTRICT,1998,0
WHITE,STATION WAGON,1990,2014,3,1695,HONDA,CRV,PETROL,JAPAN,SELWYN DISTRICT,2004,7AT08G7HX14
RED,DOMESTIC TRAILER,0,1976,7,1999,TRAILER,TRAILER,0,NOT KNOWN,MARLBOROUGH DISTRICT,1968,0
BLUE,OTHER COMMERCIAL TRAILER,0,1987,6,3499,HOMEBUILT,MISC,0,NEW ZEALAND,GORE DISTRICT,1987,0
BLACK,STATION WAGON,2967,2004,8,2089,MAZDA,TRIBUTE,PETROL,JAPAN,AUCKLAND,2004,JM0CU081Y41
WHITE,SELF PROPELLED CARAVAN,2143,2015,12,3490,MERCEDES-BENZ,SPRINTER,DIESEL,GERMANY,AUCKLAND,2015,WDB9066352P
GREEN,SALOON,3564,2014,6,2284,HOLDEN,COMMODORE,PETROL,AUSTRALIA,AUCKLAND,2014,6G1FB5E31EL
BLUE,CONVERTIBLE,1600,1991,1,0,MAZDA,MX5,PETROL,JAPAN,AUCKLAND,1990,JM0NA306100
GREY,DOMESTIC TRAILER,0,1990,8,3499,HOMEBUILT,HOMEBUILT,0,NEW ZEALAND,NELSON CITY,1990,0
GREY,BOAT TRAILER,0,1990,8,3499,HOMEBUILT,V16.50,0,NEW ZEALAND,CHRISTCHURCH CITY,1990,0
SILVER,BOAT TRAILER,0,1990,5,3499,HOMEBUILT,FUNWAY,0,NEW ZEALAND,CARTERTON DISTRICT,1990,0
GREY,STATION WAGON,2997,2015,11,2505,HOLDEN,CAPTIVA,PETROL,SOUTH KOREA,CHRISTCHURCH CITY,2015,KL3CD2659FB
SILVER,HATCHBACK,1490,2015,11,1515,MAZDA,AXELA,PETROL,JAPAN,AUCKLAND,2006,7AT0C13JX15
GOLD,SALOON,1997,2015,11,1495,NISSAN,BLUEBIRD,PETROL,JAPAN,CHRISTCHURCH CITY,2006,7AT0DH1EX15
SILVER,STATION WAGON,2350,2015,11,1795,HONDA,CRV,PETROL,JAPAN,WESTERN BAY OF PLENTY DISTRICT,2006,7AT08G7HX15
SILVER,UTILITY,2982,2012,11,2780,TOYOTA,HILUX,DIESEL,THAILAND,MASTERTON DISTRICT,2012,MR0FZ29GX01
SILVER,HATCHBACK,1396,2015,11,1565,HYUNDAI,I20,PETROL,INDIA,HOROWHENUA DISTRICT,2015,MALBB51CMGM
SILVER,DOMESTIC TRAILER,0,2010,12,0,BRIFORD,8X4,0,NEW ZEALAND,GREY DISTRICT,2010,0
RED,SALOON,6388,2009,12,0,FORD,GALAXIE,PETROL,UNITED STATES,CHRISTCHURCH CITY,1964,7AT06G0WX09
WHITE,HATCHBACK,1331,2002,3,0,TOYOTA,STARLET,PETROL,JAPAN,ROTORUA DISTRICT,1994,7A8H6110702
RED,MOTORCYCLE,498,2009,2,0,KAWASAKI,EN,PETROL,JAPAN,HAMILTON CITY,2009,JKAENVC169A
SILVER,STATION WAGON,2384,2013,5,2291,HOLDEN,CAPTIVA,PETROL,SOUTH KOREA,SELWYN DISTRICT,2013,KL3CA26UJCB
BLUE,SALOON,5408,2006,10,2100,FORD,FALCON,PETROL,AUSTRALIA,TAURANGA CITY,2006,6FPAAAJGSW5
GREEN,SALOON,1974,1990,1,0,NISSAN,BLUEBIRD,PETROL,JAPAN,WAIPA DISTRICT,1989,0
GREEN,HATCHBACK,1240,2009,12,1215,NISSAN,MARCH,PETROL,JAPAN,AUCKLAND,2004,7A8DH0K0709
BLACK,STATION WAGON,1998,2010,12,1595,TOYOTA,CALDINA,PETROL,JAPAN,AUCKLAND,2002,7AT0H624X10
WHITE,STATION WAGON,2477,2010,1,2710,MITSUBISHI,CHALLENGER,DIESEL,THAILAND,WHANGAREI DISTRICT,2010,MMAGYKH40AF
RED,HATCHBACK,1498,1999,4,1393,MAZDA,DEMIO,PETROL,JAPAN,RANGITIKEI DISTRICT,1999,JM0DW105100
SILVER,BOAT TRAILER,0,2015,12,0,TRAILER,KINGFISHER,0,NEW ZEALAND,TAURANGA CITY,2015,0
SILVER,DOMESTIC TRAILER,0,2015,12,0,TRAILER,ELITE,0,NEW ZEALAND,MARLBOROUGH DISTRICT,2015,0
BLACK,STATION WAGON,3456,2014,6,2740,TOYOTA,HIGHLANDER,PETROL,UNITED STATES,AUCKLAND,2014,5TDBK3FH30S
BLACK,MOTORCYCLE,942,2010,1,0,YAMAHA,XVS950,PETROL,JAPAN,TAURANGA CITY,2010,JYAVN022X9A
RED,STATION WAGON,2494,2015,12,2150,TOYOTA,RAV4,PETROL,JAPAN,AUCKLAND,2015,JTMRFREVX0D
GREEN,STATION WAGON,3564,2015,4,2229,HOLDEN,COMMODORE,PETROL,AUSTRALIA,HAMILTON CITY,2015,6G1FB8E38FL
BROWN,SALOON,5000,1985,5,0,HOLDEN,CALIAS,PETROL,NOT KNOWN,FAR NORTH DISTRICT,1985,0
RED,STATION WAGON,3311,2004,5,2250,TOYOTA,HIGHLANDER,PETROL,JAPAN,HASTINGS DISTRICT,2004,JTEHP21A600
BLUE,SPORTS CAR,5000,1987,4,0,CHEVROLET,CAMARO,PETROL,UNITED STATES,LOWER HUTT CITY,1987,1G1FP21H7HL
GOLD,DOMESTIC TRAILER,0,1981,10,1999,TRAILER,HOMEMADE,0,NOT KNOWN,NELSON CITY,1981,0
GREY,DOMESTIC TRAILER,0,1981,8,1999,TRAILER,LOCAL,0,NOT KNOWN,TASMAN DISTRICT,1981,0
BLUE,SALOON,2997,2002,11,0,BMW,730I,PETROL,GERMANY,TAURANGA CITY,1994,WBAGF22080D
BLACK,MOTORCYCLE,155,2015,11,0,VESPA,LX150,PETROL,ITALY,TAURANGA CITY,2015,ZAPM6840000
BLACK,STATION WAGON,2480,2015,11,1915,NISSAN,MURANO,PETROL,JAPAN,AUCKLAND,2006,7AT0DH74X15
BLUE,STATION WAGON,1990,2015,11,1615,MAZDA,AXELA,PETROL,JAPAN,NAPIER CITY,2010,7AT0C13JX15
BLUE,DOMESTIC TRAILER,0,1983,9,1999,TRAILER,HOMEMADE,0,NOT KNOWN,WHANGANUI DISTRICT,1983,0
SILVER,STATION WAGON,2356,2015,11,2450,HONDA,ODYSSEY,PETROL,JAPAN,AUCKLAND,2015,JHMRC1850FC
GREY,HATCHBACK,1998,2015,11,1840,MAZDA,MAZDA3,PETROL,JAPAN,AUCKLAND,2015,JM0BM547810
BLUE,SALOON,1998,1991,6,0,TOYOTA,CORONA,PETROL,JAPAN,PALMERSTON NORTH CITY,1990,0
BLUE,STATION WAGON,1830,2004,10,1525,MITSUBISHI,LANCER,PETROL,JAPAN,DUNEDIN CITY,2001,7A8CJ0D0704
WHITE,HATCHBACK,1596,2002,9,1335,NISSAN,PULSAR,PETROL,JAPAN,AUCKLAND,1997,7A8DH0P0702
SILVER,BOAT TRAILER,0,2012,7,0,TRAILER,BOAT,0,NEW ZEALAND,HAURAKI DISTRICT,2012,0
GREY,DOMESTIC TRAILER,0,2015,11,0,TRAILER,DOMESTIC,0,NEW ZEALAND,AUCKLAND,2015,0
BLACK,SALOON,2967,2006,9,0,AUDI,A6,DIESEL,GERMANY,AUCKLAND,2006,WAUZZZ4F56N
RED,STATION WAGON,1248,2014,6,1805,VAUXHALL,COMBO,DIESEL,GERMANY,HOROWHENUA DISTRICT,2009,W0L0XCF2594
SILVER,STATION WAGON,1990,2015,12,1815,BMW,320,PETROL,GERMANY,AUCKLAND,2008,WBAVW72080A
BROWN,DOMESTIC TRAILER,0,1981,12,1999,TRAILER,HOMEMADE,0,NOT KNOWN,QUEENSTOWN-LAKES DISTRICT,1956,0
BLACK,STATION WAGON,1990,2005,10,1710,MITSUBISHI,RVR,PETROL,JAPAN,SOUTHLAND DISTRICT,1994,7A8CJ1K0705
RED,STATION WAGON,3456,2015,11,2740,TOYOTA,HIGHLANDER,PETROL,UNITED STATES,AUCKLAND,2015,5TDBK3FH80S
BLUE,STATION WAGON,3456,2015,11,2740,TOYOTA,HIGHLANDER,PETROL,UNITED STATES,AUCKLAND,2015,5TDBK3FH90S
WHITE,HATCHBACK,2260,2015,11,1575,MAZDA,AXELA,PETROL,JAPAN,WAITAKI DISTRICT,2007,7AT0C13JX15
SILVER,SALOON,2990,2015,11,1805,TOYOTA,MARKX,PETROL,JAPAN,AUCKLAND,2005,7AT0H64TX15
BLUE,OTHER COMMERCIAL TRAILER,0,1965,8,3499,TRAILER,CYCLONE,0,NOT KNOWN,INVERCARGILL CITY,1965,0
GREY,BOAT TRAILER,0,2006,2,0,VOYAGER,BOAT TRAILER,0,NEW ZEALAND,INVERCARGILL CITY,2006,0
WHITE,CARAVAN,0,1976,11,1999,ALPHA,0,0,NOT KNOWN,AUCKLAND,1976,0
SILVER,HATCHBACK,1320,2015,11,1295,SUZUKI,SWIFT,PETROL,JAPAN,AUCKLAND,2006,7AT0GK0CX15
SILVER,SALOON,1480,2003,11,1365,MAZDA,FAMILIA,PETROL,JAPAN,CHRISTCHURCH CITY,1994,7A8C10H0703
SILVER,SALOON,3984,2006,4,2100,FORD,FALCON,PETROL,AUSTRALIA,ROTORUA DISTRICT,2006,6FPAAAJGSW6
SILVER,FLAT-DECK TRAILER,0,2012,2,0,TRAILER,LIFT-X,0,NEW ZEALAND,CHRISTCHURCH CITY,2012,0
GREY,SALOON,1991,1992,9,0,MAZDA,626,PETROL,JAPAN,CHRISTCHURCH CITY,1992,0
BLUE,DOMESTIC TRAILER,0,1969,8,1999,TRAILER,0,0,NOT KNOWN,WAIMAKARIRI DISTRICT,1969,0
GREY,BOAT TRAILER,0,2015,12,0,TRAILER,FACTORY BUILT,0,NEW ZEALAND,AUCKLAND,2015,0
SILVER,DOMESTIC TRAILER,0,2015,12,0,BRIFORD,8X4,0,NEW ZEALAND,CHRISTCHURCH CITY,2015,0
WHITE,CARAVAN,0,2015,11,0,CARAVAN,PLATINUM,0,NEW ZEALAND,SOUTHLAND DISTRICT,2015,0
SILVER,DOMESTIC TRAILER,0,2015,11,0,TRAILER,HOME BUILT,0,NEW ZEALAND,CHRISTCHURCH CITY,2015,0
BLUE,SALOON,3984,2015,11,2210,FORD,FALCON,PETROL,AUSTRALIA,NELSON CITY,2015,6FPAAAJGSWF
WHITE,OTHER TRUCK,8300,2009,1,24000,IVECO,ACCO,DIESEL,AUSTRALIA,AUCKLAND,2009,6F22523008D
GREY,SALOON,6162,2008,6,0,HOLDEN,COMMODORE,PETROL,AUSTRALIA,HASTINGS DISTRICT,2008,6G1EX55W39L
SILVER,HATCHBACK,1380,2015,12,1415,VOLKSWAGEN,POLO,PETROL,GERMANY,AUCKLAND,2008,WVWZZZ9NZ8U
WHITE,DOMESTIC TRAILER,0,2015,12,0,TRAILER,DIBO,0,BELGIUM,AUCKLAND,2015,0
SILVER,STATION WAGON,1990,2015,12,1885,MAZDA,PREMACY,PETROL,JAPAN,AUCKLAND,2009,7AT0C133X15
SILVER,DOMESTIC TRAILER,0,1987,4,3499,HOMEBUILT,MISC,0,NEW ZEALAND,HOROWHENUA DISTRICT,1987,0
WHITE,LIGHT VAN,1995,2015,12,3000,RENAULT,TRAFIC,DIESEL,FRANCE,AUCKLAND,2015,VF1FLBHBHEY
WHITE,STATION WAGON,4000,2015,12,2545,FORD,EXPLORER,PETROL,UNITED STATES,HASTINGS DISTRICT,2006,1FMDU73E65Z
RED,HATCHBACK,1498,2015,12,1900,FORD,FOCUS,PETROL,THAILAND,CHRISTCHURCH CITY,2015,MPB3XXMXC3F
GREEN,SALOON,1863,1994,1,0,HYUNDAI,LANTRA,PETROL,SOUTH KOREA,MASTERTON DISTRICT,1993,0
BLACK,STATION WAGON,2993,2015,9,2780,BMW,X5,DIESEL,UNITED STATES,CHRISTCHURCH CITY,2015,WBAKS420900
WHITE,STATION WAGON,1968,2015,11,2129,SKODA,OCTAVIA,DIESEL,CZECH REPUBLIC,TAURANGA CITY,2015,TMBMK7NE6G0
SILVER,HATCHBACK,1330,2015,11,1295,MITSUBISHI,COLT,PETROL,JAPAN,AUCKLAND,2006,7AT0CJ0XX15
YELLOW,STATION WAGON,1330,2015,11,1275,HONDA,FIT,PETROL,JAPAN,AUCKLAND,2004,7AT08G2YX15
SILVER,DOMESTIC TRAILER,0,2015,11,0,TRAILER,AAKRON TRAILER,0,NEW ZEALAND,AUCKLAND,2015,0
BLACK,SALOON,2435,2006,11,0,VOLVO,S80,PETROL,SWEDEN,AUCKLAND,2001,YV1TS61P911
GREY,STATION WAGON,1762,2005,8,1505,TOYOTA,CALDINA,PETROL,JAPAN,TIMARU DISTRICT,2000,7A8H6240705
GREY,SALOON,1998,1991,9,0,OPEL,VECTA GLI,PETROL,GERMANY,DUNEDIN CITY,1991,W0L000087MV
SILVER,HATCHBACK,1490,2015,11,1415,NISSAN,TIIDA,PETROL,JAPAN,HAMILTON CITY,2006,7AT0DH78X15
GREY,UTILITY,3198,2015,11,3200,MAZDA,BT-50,DIESEL,THAILAND,LOWER HUTT CITY,2015,MM0UR0YF100
SILVER,HATCHBACK,2480,2015,11,1765,MAZDA,ATENZA,PETROL,JAPAN,WELLINGTON CITY,2008,7AT0C139X15
SILVER,BOAT TRAILER,0,2015,12,0,DMW,PREMIER TANDEM,0,NEW ZEALAND,WAITOMO DISTRICT,2015,0
WHITE,CAB AND CHASSIS ONLY,4461,2011,4,3300,TOYOTA,LANDCRUISER,DIESEL,JAPAN,GISBORNE DISTRICT,2011,JTELV71J400
SILVER,STATION WAGON,2990,2015,12,1785,SUBARU,OUTBACK,PETROL,JAPAN,ROTORUA DISTRICT,2004,7AT0GF16X15
RED,MOTORCYCLE,1247,2015,10,0,HARLEY DAVIDSON,V-ROD,PETROL,UNITED STATES,AUCKLAND,2015,5HD1HPHG2FC
GREY,BOAT TRAILER,0,2015,12,0,TRAILER,APS SEADOO,0,NEW ZEALAND,CENTRAL OTAGO DISTRICT,2015,0
BLACK,HATCHBACK,1390,2013,1,1880,AUDI,A3,PETROL,GERMANY,WELLINGTON CITY,2013,WAUZZZ8P0DA
WHITE,CARAVAN,0,1974,1,3499,FURNWARE,14B,0,NEW ZEALAND,PALMERSTON NORTH CITY,1974,0
WHITE,HATCHBACK,997,2005,3,1135,TOYOTA,VITZ,PETROL,JAPAN,AUCKLAND,2001,7A8H63E0704
WHITE,SALOON,2000,1994,1,0,FORD,TELSTAR,PETROL,JAPAN,TAURANGA CITY,1993,7A5AAASAVNP
GREY,BOAT TRAILER,0,2012,1,0,TRAILER,SEADOO,0,NEW ZEALAND,DUNEDIN CITY,2012,0
WHITE,HATCHBACK,989,2006,1,0,TOYOTA,DUET,PETROL,JAPAN,HASTINGS DISTRICT,1998,7A8H63L0706
BLACK,MOTORCYCLE,805,2005,9,0,KAWASAKI,VN,PETROL,JAPAN,GORE DISTRICT,2005,JKBVNCB135A
RED,UTILITY,5737,2003,10,2275,HOLDEN,UTE,PETROL,AUSTRALIA,PALMERSTON NORTH CITY,2003,6G1YK42FX3L
WHITE,MOTORCYCLE,300,2015,12,0,HONDA,CB,PETROL,JAPAN,AUCKLAND,2015,MLHNC52U8F5
SILVER,SPORTS CAR,2568,2015,9,1830,NISSAN,SKYLINE,PETROL,JAPAN,AUCKLAND,1995,7AT0DH12X15
CREAM,SALOON,4100,1988,11,0,OLDSMOBILE,CUTLUS SUPREME,PETROL,UNITED STATES,HAMILTON CITY,1984,0
WHITE,CARAVAN,0,1976,10,1999,SPRITE,HARDTOP,0,NOT KNOWN,CHRISTCHURCH CITY,1976,0
BLACK,DOMESTIC TRAILER,0,2001,1,1999,TRAILER,HOMEMADE,0,NEW ZEALAND,INVERCARGILL CITY,2001,0
WHITE,STATION WAGON,2480,2015,11,2140,NISSAN,PRESEA,PETROL,JAPAN,AUCKLAND,2004,7AT0DH6HX15
BLUE,STATION WAGON,2488,2015,9,2071,MAZDA,CX-5,PETROL,JAPAN,WHAKATANE DISTRICT,2015,JM0KE103200
ORANGE,SPORTS CAR,1998,2015,11,1700,TOYOTA,86,PETROL,JAPAN,TASMAN DISTRICT,2015,JF1ZN6K72GG
GREEN,FLAT-DECK TRAILER,0,2015,12,0,TRAILER,WOODSPLITTER,0,NEW ZEALAND,NAPIER CITY,2015,0
BLACK,STATION WAGON,2360,2015,12,2210,TOYOTA,ALPHARD,PETROL,JAPAN,RANGITIKEI DISTRICT,2004,7AT0H64EX15
WHITE,OTHER TRUCK,2998,2013,9,5995,MITSUBISHI FUSO,CANTER,DIESEL,JAPAN,AUCKLAND,2013,JLFFEB51E0K
PURPLE,STATION WAGON,2350,2014,10,2015,HONDA,ODYSSEY,PETROL,JAPAN,AUCKLAND,2005,7AT08G61X14
RED,HATCHBACK,1298,2002,4,1185,SUZUKI,CULTUS,PETROL,JAPAN,AUCKLAND,1995,7A8GK010702
GREY,SELF PROPELLED CARAVAN,4160,2003,12,5400,NISSAN,CIVILIAN,DIESEL,JAPAN,TAUPO DISTRICT,1995,7A8DH071003
SILVER,DOMESTIC TRAILER,0,2015,11,0,TRAILER,GIBBONS,0,NEW ZEALAND,HAMILTON CITY,2015,0
YELLOW,OTHER COMMERCIAL TRAILER,0,2015,12,26000,FRUEHAUF,NZ,0,NEW ZEALAND,CHRISTCHURCH CITY,2015,7A9PSK3SX5F
GREY,DOMESTIC TRAILER,0,2015,10,2500,TRAILER,RANGER,0,CHINA,ROTORUA DISTRICT,2015,0
WHITE,MOTORCYCLE,660,2015,12,0,TRIUMPH,STREET TRIPLE,PETROL,UNITED KINGDOM,AUCKLAND,2015,SMTTTL70A6G
GOLD,STATION WAGON,2498,2015,12,2100,SUBARU,OUTBACK,PETROL,JAPAN,AUCKLAND,2015,JF2BS9KC2FG
GREEN,TRACTOR,7600,2015,12,6500,JOHN DEERE,7800,DIESEL,UNITED STATES,AUCKLAND,1994,0
BLUE,STATION WAGON,2660,2000,4,2035,NISSAN,MISTRAL,DIESEL,JAPAN,MATAMATA-PIAKO DISTRICT,1996,7A8DH4J0799
SILVER,UTILITY,3198,2015,11,3200,FORD,RANGER,DIESEL,THAILAND,AUCKLAND,2015,MNAUMFF50FW
SILVER,DOMESTIC TRAILER,0,2006,3,0,PINTO,TILT 8X5 TRAILER,0,NEW ZEALAND,AUCKLAND,2006,0
ORANGE,STATION WAGON,1364,2015,12,1827,HOLDEN,TRAX,PETROL,SOUTH KOREA,WELLINGTON CITY,2015,KL3BA7689GB
WHITE,LIGHT VAN,2980,2015,12,3255,TOYOTA,HIACE,DIESEL,JAPAN,AUCKLAND,2010,7AT0H60FX15
BROWN,STATION WAGON,1590,2010,11,1380,BMW,MINI,PETROL,GERMANY,AUCKLAND,2003,WMWRC32020T
WHITE,HATCHBACK,1990,2015,8,1555,MAZDA,AXELA,PETROL,JAPAN,TAURANGA CITY,2006,7AT0C13JX15
WHITE,OTHER COMMERCIAL TRAILER,0,2010,4,0,TRAILER,FURNITURE BOX,0,NEW ZEALAND,MASTERTON DISTRICT,1999,0
ORANGE,HATCHBACK,1490,2011,5,0,MAZDA,DEMIO,PETROL,JAPAN,HASTINGS DISTRICT,2002,7AT0C12HX11
RED,STATION WAGON,1951,2005,9,0,LAND ROVER,FREELANDER,DIESEL,UNITED KINGDOM,QUEENSTOWN-LAKES DISTRICT,2001,SALLNAAE71A
SILVER,SALOON,2490,2015,12,1795,NISSAN,TEANA,PETROL,JAPAN,AUCKLAND,2010,7AT0DH71X15
ORANGE,SALOON,3984,2010,11,2250,FORD,FALCON,PETROL,AUSTRALIA,WHANGAREI DISTRICT,2010,6FPAAAJGSWA
SILVER,HATCHBACK,1597,1999,11,1072,NISSAN,PULSAR,PETROL,JAPAN,AUCKLAND,1999,JN1FCAN15A0
SILVER,UTILITY,3198,2015,12,3200,FORD,RANGER,DIESEL,THAILAND,PORIRUA CITY,2015,MNAUMFF50FW
BLACK,MOTORCYCLE,1440,2011,1,0,HARLEY DAVIDSON,FLSTF,PETROL,UNITED STATES,HAMILTON CITY,2004,5HD1BMY194Y
YELLOW,MOTORCYCLE,49,2004,9,0,HONDA,NVS,PETROL,JAPAN,TIMARU DISTRICT,2002,7A88GAF1103
SILVER,HATCHBACK,1339,2011,8,0,HONDA,JAZZ,PETROL,JAPAN,PORIRUA CITY,2011,JHMGE6850CS
WHITE,LIGHT VAN,1990,2015,12,3075,TOYOTA,HIACE,PETROL,JAPAN,AUCKLAND,2005,7AT0H60FX15
YELLOW,OTHER COMMERCIAL TRAILER,0,1996,9,0,HOMEBUILT,BANDIT 65,0,UNITED STATES,WAIPA DISTRICT,1996,0
WHITE,STATION WAGON,1600,1988,8,0,NISSAN,SENTRA,PETROL,JAPAN,TIMARU DISTRICT,1988,0
SILVER,STATION WAGON,1994,2000,6,0,SUBARU,LEGACY,PETROL,JAPAN,AUCKLAND,2000,7A8GF0B0700
SILVER,BOAT TRAILER,0,2008,6,0,TRAILER,BOAT,0,NEW ZEALAND,AUCKLAND,2008,0
WHITE,HATCHBACK,1600,1991,12,0,FORD,LASER,PETROL,JAPAN,MATAMATA-PIAKO DISTRICT,1991,0
BLACK,MOTORCYCLE,49,2015,11,0,PGO,PMX,PETROL,TAIWAN,TAURANGA CITY,2015,RFVPMMS21F1
GREY,BOAT TRAILER,0,2015,12,0,TRAILER,JETSKI,0,NEW ZEALAND,THAMES-COROMANDEL DISTRICT,2015,0
GREEN,MOTORCYCLE,398,2005,10,0,KAWASAKI,KLX,PETROL,JAPAN,AUCKLAND,2005,JSKBB111200
WHITE,SELF PROPELLED CARAVAN,3450,2003,3,4900,MAZDA,PARKWAY,DIESEL,JAPAN,CHRISTCHURCH CITY,1991,7A8C1090903
WHITE,UTILITY,2488,2009,9,2805,NISSAN,NAVARA,DIESEL,SPAIN,HAMILTON CITY,2009,VSKCVAD40A0
WHITE,SELF PROPELLED CARAVAN,2143,2015,12,3490,MERCEDES-BENZ,SPRINTER,DIESEL,GERMANY,AUCKLAND,2015,WDB9066352P
WHITE,LIGHT VAN,2982,2015,12,2800,TOYOTA,HIACE,DIESEL,JAPAN,PALMERSTON NORTH CITY,2015,JTFHT02P105
SILVER,DOMESTIC TRAILER,0,2012,11,0,HOMEBUILT,GALVANISED,0,NEW ZEALAND,FAR NORTH DISTRICT,2003,0
RED,HATCHBACK,1984,2015,11,1655,VOLKSWAGEN,GOLF,PETROL,JAPAN,CLUTHA DISTRICT,2005,WVWZZZ1KZ5U
WHITE,STATION WAGON,1998,2011,2,1970,MITSUBISHI,ASX,PETROL,JAPAN,AUCKLAND,2011,JMFXTGA2WBZ
GOLD,SALOON,3984,2001,3,1535,FORD,FALCON,PETROL,AUSTRALIA,AUCKLAND,2001,6FPAAAJGSWY
RED,SALOON,1598,1974,1,0,FORD,CAPRI,PETROL,NOT KNOWN,MATAMATA-PIAKO DISTRICT,1974,0
GREEN,STATION WAGON,4461,2007,11,3300,TOYOTA,LANDCRUISER,DIESEL,JAPAN,HAMILTON CITY,2007,JTMHV05J104
CREAM,CARAVAN,0,1987,10,3499,CLASSIC,4.7 CHALLENGER,0,NEW ZEALAND,SELWYN DISTRICT,1987,0
RED,DOMESTIC TRAILER,0,1974,9,1999,TRAILER,CUSTOMBUILT,0,NOT KNOWN,NAPIER CITY,1974,0
BLACK,STATION WAGON,2362,2000,12,2380,TOYOTA,PREVIA,PETROL,JAPAN,QUEENSTOWN-LAKES DISTRICT,2000,JTEGD32M400
BLACK,UTILITY,1996,2011,10,2835,GREAT WALL,V200,DIESEL,CHINA,ROTORUA DISTRICT,2011,LGWDBE173BC
BLUE,HATCHBACK,1317,2015,12,1490,HONDA,JAZZ,PETROL,JAPAN,NELSON CITY,2015,JHMGK3830GX
SILVER,UTILITY,2776,2015,12,3150,HOLDEN,COLORADO,DIESEL,THAILAND,HAURAKI DISTRICT,2015,MMU147DK0GH
CREAM,SALOON,1598,1979,7,0,CHRYSLER,AVENGER,PETROL,NOT KNOWN,WAIKATO DISTRICT,1979,0
BLACK,STATION WAGON,2664,2005,7,2185,NISSAN,TERRANO,DIESEL,JAPAN,WAIKATO DISTRICT,1996,7A8DH2B0705
RED,MOTORCYCLE,1198,2012,2,0,DUCATI,1098,PETROL,ITALY,AUCKLAND,2008,ZDM1XBHW48B
WHITE,CARAVAN,0,2015,12,0,JAYCO,STARCRAFT 16-51-3,0,AUSTRALIA,INVERCARGILL CITY,2015,0
WHITE,HATCHBACK,1299,2015,12,1490,TOYOTA,YARIS,PETROL,JAPAN,DUNEDIN CITY,2015,JTDKW3D340D
YELLOW,HATCHBACK,1496,2015,8,1490,HONDA,JAZZ,PETROL,JAPAN,WAIMAKARIRI DISTRICT,2015,JHMGK5830FX
BLACK,STATION WAGON,2494,2015,12,2130,TOYOTA,RAV4,PETROL,JAPAN,AUCKLAND,2015,JTMBFREV50J
SILVER,HATCHBACK,1320,2015,12,1295,SUZUKI,SWIFT,PETROL,JAPAN,STRATFORD DISTRICT,2007,7AT0GK0CX15
BLACK,SALOON,1999,2011,3,1660,MITSUBISHI,LANCER,PETROL,JAPAN,HAMILTON CITY,2004,JMFSNCS6A4U
GREY,BOAT TRAILER,0,2015,12,0,TRAILER,FACTORY,0,NEW ZEALAND,CHRISTCHURCH CITY,2015,0
WHITE,OTHER TRUCK,5193,2015,12,5995,ISUZU,N SERIES,DIESEL,JAPAN,AUCKLAND,2015,JAANPR75HF7
BLUE,DOMESTIC TRAILER,0,2006,6,2000,TRAILER,HOWARD,0,NEW ZEALAND,SOUTHLAND DISTRICT,2006,0
BLACK,DOMESTIC TRAILER,0,2003,10,0,TRAILER,HOMEBUILT,0,NEW ZEALAND,SELWYN DISTRICT,2003,0
SILVER,SALOON,1990,2012,5,1645,TOYOTA,AVENSIS,PETROL,UNITED KINGDOM,AUCKLAND,2004,7AT0H63MX12
SILVER,SALOON,2490,2015,11,1855,MERCEDES-BENZ,230,PETROL,GERMANY,TAURANGA CITY,2006,WDC2030522R
GREEN,STATION WAGON,3050,2002,2,2175,ISUZU,WIZARD,DIESEL,JAPAN,HAMILTON CITY,1998,7A8971T0702
BLACK,STATION WAGON,2360,2014,12,2210,MITSUBISHI,OUTLANDER,PETROL,JAPAN,HOROWHENUA DISTRICT,2014,JMFXTGF8WEZ
SILVER,SALOON,1997,2003,1,1775,MITSUBISHI,GALANT,PETROL,JAPAN,CHRISTCHURCH CITY,2003,JMASREA2A3Z
BLACK,STATION WAGON,2488,2015,11,2071,MAZDA,CX-5,PETROL,JAPAN,AUCKLAND,2015,JM0KE103200
SILVER,SALOON,1988,2005,7,0,LEXUS,IS200,PETROL,JAPAN,WELLINGTON CITY,1999,JTDBS182400
BLUE,HATCHBACK,1330,2015,11,1285,HONDA,FIT,PETROL,JAPAN,GISBORNE DISTRICT,2008,7AT08G2YX15
SILVER,UTILITY,2776,2013,1,3100,HOLDEN,COLORADO,DIESEL,THAILAND,ROTORUA DISTRICT,2013,MMU148CH0DH
SILVER,SALOON,2496,2003,3,0,TOYOTA,CAMRY,PETROL,JAPAN,AUCKLAND,1997,7A8H6040703
GREEN,SALOON,1200,1979,7,0,TOYOTA,COROLLA,PETROL,NOT KNOWN,HASTINGS DISTRICT,1979,0
SILVER,DOMESTIC TRAILER,0,2007,2,0,TRAILER,BENCHMARK,0,NEW ZEALAND,MARLBOROUGH DISTRICT,2007,0
RED,TRACTOR,6728,2010,9,0,MCCORMICK,MTX150,DIESEL,NEW ZEALAND,WHANGANUI DISTRICT,2010,0
WHITE,BOAT TRAILER,0,2005,4,0,TRAILER,DUNBIER,0,AUSTRALIA,AUCKLAND,2004,0
GOLD,SALOON,2995,2003,12,2110,TOYOTA,CAMRY,PETROL,AUSTRALIA,LOWER HUTT CITY,2003,6T153XK360X
BLUE,HATCHBACK,1499,2015,9,1365,TOYOTA,COROLLA,PETROL,JAPAN,WESTERN BAY OF PLENTY DISTRICT,2005,7AT0H607X15
SILVER,BOAT TRAILER,0,2015,12,0,TRAILER,ROAD KING,0,NEW ZEALAND,AUCKLAND,2015,0
BLACK,HATCHBACK,1580,2015,12,1315,SUZUKI,SWIFT,PETROL,JAPAN,WELLINGTON CITY,2014,7AT0GK0CX15
WHITE,OTHER TRUCK,2446,1996,6,2580,TOYOTA,HILUX,DIESEL,JAPAN,NEW PLYMOUTH DISTRICT,1996,7A431LN8508
WHITE,ARTICULATED TRUCK,33000,2013,9,33000,MACK,GRANITE,DIESEL,UNITED STATES,CHRISTCHURCH CITY,2013,6FMW12H69DD
GREEN,STATION WAGON,3160,2003,9,0,ISUZU,BIGHORN,PETROL,JAPAN,AUCKLAND,1993,7A897130703
BLUE,MOTORCYCLE,800,1984,8,0,BMW,R80 G/S,PETROL,NOT KNOWN,NELSON CITY,1984,0
WHITE,MOTORCYCLE,151,2015,11,0,VESPA,LX150,PETROL,ITALY,AUCKLAND,2015,ZAPM6820000
GREY,HATCHBACK,1490,2015,11,1375,MAZDA,DEMIO,PETROL,JAPAN,LOWER HUTT CITY,2006,7AT0C12HX15
CREAM,OTHER COMMERCIAL TRAILER,0,2004,3,2000,TRAILER,POLE,0,NEW ZEALAND,CHRISTCHURCH CITY,1947,0
BLUE,LIGHT VAN,2438,2004,11,2080,TOYOTA,LUCIDA,PETROL,JAPAN,HASTINGS DISTRICT,1995,7A8H61P0704
BLUE,HATCHBACK,1794,2006,10,1630,TOYOTA,COROLLA,PETROL,JAPAN,CHRISTCHURCH CITY,2006,JTDKR22E900
WHITE,FLAT-DECK TRUCK,7790,2005,9,13000,ISUZU,FTS,DIESEL,JAPAN,INVERCARGILL CITY,2005,JALFTS34H47
BLACK,STATION WAGON,2874,2006,1,1840,SSANGYONG,KORANDO,DIESEL,SOUTH KOREA,THAMES-COROMANDEL DISTRICT,2006,KPTM2B1DS5P
SILVER,STATION WAGON,2260,2007,1,1695,MAZDA,ATENZA,PETROL,JAPAN,CHRISTCHURCH CITY,2003,7A8C1390707
GOLD,SALOON,2492,2009,7,0,HOLDEN,EPICA,PETROL,SOUTH KOREA,AUCKLAND,2009,KL3LA69LJ9B
WHITE,SALOON,3490,2015,12,1945,NISSAN,FUGA,PETROL,JAPAN,AUCKLAND,2006,7AT0DH8GX15
ORANGE,MOBILE MACHINE,3053,2015,12,7851,HITACHI,ZX7545-EXCAVATOR,DIESEL,JAPAN,GISBORNE DISTRICT,2015,0
WHITE,STATION WAGON,2720,2015,12,2720,FORD,TERRITORY,DIESEL,AUSTRALIA,CHRISTCHURCH CITY,2015,6FPAAAJGATF
WHITE,UTILITY,3199,2015,12,3200,FORD,RANGER,DIESEL,THAILAND,INVERCARGILL CITY,2015,MNAUM1F50EW
WHITE,LIGHT VAN,2980,2015,3,3225,TOYOTA,HIACE,DIESEL,JAPAN,CHRISTCHURCH CITY,2009,7AT0H60FX14
GREY,DOMESTIC TRAILER,0,2015,12,0,RENEGADE TRAILERS,S36190L,0,NEW ZEALAND,AUCKLAND,2015,0
GREEN,MOTORCYCLE,150,2014,12,500,CUSTOMBUILT,TWISTER HAMMERHEAD,PETROL,NEW ZEALAND,TAUPO DISTRICT,2010,0
SILVER,DOMESTIC TRAILER,0,2015,12,0,TRAILER,HOMEBUILT,0,NEW ZEALAND,WHANGANUI DISTRICT,1985,0
BLACK,STATION WAGON,2199,2014,7,2600,HYUNDAI,SANTA FE,DIESEL,SOUTH KOREA,AUCKLAND,2014,KMHSU81XSEU
WHITE,STATION WAGON,1990,2015,11,1775,TOYOTA,CALDINA,PETROL,JAPAN,MANAWATU DISTRICT,2003,7AT0H624X11
RED,UTILITY,3198,2015,12,3200,MAZDA,BT-50,DIESEL,THAILAND,HAMILTON CITY,2015,MM0UR0YF100
RED,TRACTOR,6600,2015,11,6270,CASE,CVX 170,DIESEL,AUSTRIA,ASHBURTON DISTRICT,2003,0
YELLOW,BOAT TRAILER,0,2015,12,0,TRAILER,BOAT,0,NEW ZEALAND,NEW PLYMOUTH DISTRICT,2015,0
SILVER,HATCHBACK,1320,2003,7,0,MAZDA,FAMILIA,PETROL,JAPAN,NAPIER CITY,1996,7A8C10H0702
WHITE,DOMESTIC TRAILER,0,2007,3,0,TRAILER,KARA KAR,0,AUSTRALIA,KAIPARA DISTRICT,2007,0
SILVER,SALOON,4340,1971,12,0,CHRYSLER,VALIANT,PETROL,NOT KNOWN,ASHBURTON DISTRICT,1971,0
GREY,BOAT TRAILER,0,1997,12,0,TRAILER,MUDGWAY,0,NEW ZEALAND,PALMERSTON NORTH CITY,1997,0
WHITE,MOTORCYCLE,49,2015,11,0,SUZUKI,UZ50,PETROL,JAPAN,WELLINGTON CITY,2015,7B1MCA44AF0
GREEN,OTHER COMMERCIAL TRAILER,0,2012,3,29000,TRAILER,KOROMIKO,0,NEW ZEALAND,THAMES-COROMANDEL DISTRICT,2012,7AT0H900X12
RED,HATCHBACK,1496,2008,3,1480,TOYOTA,YARIS,PETROL,JAPAN,CHRISTCHURCH CITY,2008,JTDKT963102
BLUE,DOMESTIC TRAILER,0,2007,12,750,BRIFORD,5X4,0,NEW ZEALAND,MARLBOROUGH DISTRICT,2007,0
BLACK,FLAT-DECK TRUCK,2488,2008,10,2750,NISSAN,NAVARA,DIESEL,THAILAND,RUAPEHU DISTRICT,2008,MNTNCUD40A0
SILVER,HATCHBACK,1999,2013,9,1731,MAZDA,MAZDA3,PETROL,JAPAN,AUCKLAND,2013,JM0BL10F200
WHITE,STATION WAGON,2494,2015,12,2150,TOYOTA,RAV4,PETROL,JAPAN,AUCKLAND,2015,JTMRFREVX0J
BLACK,STATION WAGON,2494,2015,12,2150,TOYOTA,RAV4,PETROL,JAPAN,AUCKLAND,2015,JTMRFREV00J
BLACK,STATION WAGON,2360,2015,12,1845,TOYOTA,KLUGER,PETROL,JAPAN,AUCKLAND,2007,7AT0H642X15
GREEN,DOMESTIC TRAILER,0,2015,9,0,TRAILER,HANSA CHIPPER,0,NEW ZEALAND,SOUTH WAIRARAPA DISTRICT,2015,0
GREY,BOAT TRAILER,0,1997,11,0,TRAILER,REID,0,NEW ZEALAND,AUCKLAND,1997,0
BLACK,SALOON,1984,1995,9,0,AUDI,80,PETROL,GERMANY,HAMILTON CITY,1994,WAUZZZ8C2RA
PURPLE,SALOON,3564,2013,6,2380,HOLDEN,COMMODORE,PETROL,AUSTRALIA,CENTRAL OTAGO DISTRICT,2013,6G1EK5E36CL
WHITE,DOMESTIC TRAILER,0,2014,2,0,HOMEBUILT,DOMESTIC TRAILER,0,NEW ZEALAND,GISBORNE DISTRICT,2009,0
BROWN,CARAVAN,0,2014,11,0,CAMPOMATIC,POPTOP,0,NEW ZEALAND,GISBORNE DISTRICT,1980,0
BLACK,HATCHBACK,1368,2015,11,1600,FIAT,PUNTO,PETROL,ITALY,NAPIER CITY,2015,ZFA1990000P
GREY,DOMESTIC TRAILER,0,2011,10,0,TRAILER,DOMESTIC,0,NEW ZEALAND,WHANGANUI DISTRICT,2011,0
WHITE,SALOON,1838,2002,1,0,TOYOTA,CORONA,PETROL,JAPAN,DUNEDIN CITY,1995,7A8H6050702
GREY,HATCHBACK,1587,2010,8,0,PEUGEOT,207,PETROL,FRANCE,CENTRAL OTAGO DISTRICT,2010,VF3WC5FS9AW
GREEN,DOMESTIC TRAILER,0,1983,11,1999,TRAILER,HOMEMADE,0,NOT KNOWN,HURUNUI DISTRICT,1983,0
SILVER,UTILITY,2499,2002,5,2545,FORD,COURIER,DIESEL,THAILAND,ASHBURTON DISTRICT,2002,MNABSCD402W
RED,STATION WAGON,3050,2006,11,0,ISUZU,WIZARD,DIESEL,JAPAN,GISBORNE DISTRICT,1996,7A8971T0705
RED,SALOON,1991,2015,10,1965,MERCEDES-BENZ,A-CLASS,PETROL,HUNGARY,AUCKLAND,2015,WDD1173462N
WHITE,STATION WAGON,3984,2000,9,1623,FORD,FALCON,PETROL,AUSTRALIA,DUNEDIN CITY,2000,6FPAAAJGWAY
WHITE,SALOON,1490,2002,8,0,TOYOTA,SPRINTER,PETROL,JAPAN,TAURANGA CITY,1995,7A8H60W0702
RED,SALOON,2200,1994,9,0,HONDA,ACCORD,PETROL,JAPAN,PORIRUA CITY,1994,7A3CD5530RN
WHITE,OTHER TRUCK,9839,2015,12,30000,ISUZU,F SERIES,DIESEL,JAPAN,AUCKLAND,2015,JALFYH77TF7
BLACK,STATION WAGON,3200,2015,12,3030,MITSUBISHI,PAJERO,DIESEL,JAPAN,AUCKLAND,2015,JMFLYV98WFJ
GREY,STATION WAGON,2490,2012,7,2470,NISSAN,ELGRAND,PETROL,JAPAN,AUCKLAND,2005,7AT0DH6MX12
BLACK,STATION WAGON,3300,2002,4,2215,CHRYSLER,VOYAGER,PETROL,GERMANY,CHRISTCHURCH CITY,1999,1C4GHB2R6XU
SILVER,DOMESTIC TRAILER,0,2015,11,0,TRAILER,PRESCOTT,0,NEW ZEALAND,AUCKLAND,2015,0
SILVER,DOMESTIC TRAILER,0,2015,11,0,TRAILER,DOMESTIC TRAILER,0,NEW ZEALAND,ROTORUA DISTRICT,2015,0
RED,STATION WAGON,1990,2015,11,2035,SUBARU,EXIGA,PETROL,JAPAN,CHRISTCHURCH CITY,2008,7AT0GF1RX15
GREY,STATION WAGON,2231,2013,6,2190,TOYOTA,RAV4,DIESEL,JAPAN,PALMERSTON NORTH CITY,2013,JTMDAREV60D
WHITE,SALOON,1798,2015,1,1740,TOYOTA,COROLLA,PETROL,THAILAND,AUCKLAND,2015,MR053REH205
SILVER,STATION WAGON,2360,2015,12,2230,TOYOTA,ALPHARD,PETROL,JAPAN,AUCKLAND,2005,7AT0H64EX15
BLACK,HATCHBACK,1998,2014,1,2108,NISSAN,QASHQAI,PETROL,UNITED KINGDOM,AUCKLAND,2014,SJNJBAJ10A7
SILVER,FLAT-DECK TRAILER,0,2015,10,3499,TRAILER,HOMEBUILT,0,NEW ZEALAND,PALMERSTON NORTH CITY,2015,0
WHITE,FLAT-DECK TRUCK,4000,2015,7,6075,TOYOTA,TOYOACE,DIESEL,JAPAN,PALMERSTON NORTH CITY,2009,7AT0H612X15
YELLOW,OTHER TRUCK,5880,2015,12,15000,IVECO,ML150,DIESEL,JAPAN,AUCKLAND,2015,ZCFB1LM8402
SILVER,STATION WAGON,2755,2015,11,2990,TOYOTA,LANDCRUISER,DIESEL,JAPAN,AUCKLAND,2015,JTEBR3FJ70K
BLUE,HATCHBACK,1999,2015,11,1860,KIA,SOUL,PETROL,SOUTH KOREA,WELLINGTON CITY,2015,KNAJP814MG7
WHITE,SELF PROPELLED CARAVAN,3907,2006,8,5600,MITSUBISHI FUSO,CANTER,DIESEL,JAPAN,FAR NORTH DISTRICT,2006,JLFFE83PE0K
RED,STATION WAGON,2488,2015,11,2071,MAZDA,CX-5,PETROL,JAPAN,AUCKLAND,2015,JM0KE103200
WHITE,STATION WAGON,1795,2003,9,0,HYUNDAI,LAVITA,PETROL,SOUTH KOREA,WAITOMO DISTRICT,2003,KMHPN81DR3U
YELLOW,SALOON,4998,1972,6,0,HOLDEN,KINGSWOOD,PETROL,NOT KNOWN,CENTRAL OTAGO DISTRICT,1972,0
GOLD,STATION WAGON,2150,2003,1,0,HONDA,ODYSSEY,PETROL,JAPAN,AUCKLAND,1995,7A88G610703
WHITE,HATCHBACK,1998,1991,3,0,FORD,TELSTAR,PETROL,JAPAN,WAIMATE DISTRICT,1991,0
BLUE,STATION WAGON,4367,2015,11,3200,LAND ROVER,RANGE ROVER,DIESEL,UNITED KINGDOM,CHRISTCHURCH CITY,2015,SALGA2JE7GA
BLUE,CONVERTIBLE,2290,2008,6,1490,MERCEDES-BENZ,230,PETROL,GERMANY,CARTERTON DISTRICT,2000,WDB1704492F
BLUE,STATION WAGON,1596,1994,7,0,NISSAN,SENTRA,PETROL,JAPAN,PALMERSTON NORTH CITY,1994,7A7ZZTDAY10
SILVER,HATCHBACK,1295,1994,11,0,TOYOTA,COROLLA,PETROL,JAPAN,AUCKLAND,1994,0
BLUE,SALOON,3791,1998,12,1551,HOLDEN,COMMODORE,PETROL,AUSTRALIA,AUCKLAND,1998,6H8VTK69HXL
SILVER,HATCHBACK,1490,1999,3,0,TOYOTA,COROLLA,PETROL,JAPAN,AUCKLAND,1995,7A8H6070799
BLACK,SALOON,2340,2015,12,1745,NISSAN,TEANA,PETROL,JAPAN,AUCKLAND,2007,7AT0DH71X15
GREY,UTILITY,3198,2015,12,3200,FORD,RANGER,DIESEL,THAILAND,AUCKLAND,2015,MNAUMFF50FW
RED,HATCHBACK,1490,2015,12,1485,MAZDA,AXELA,PETROL,JAPAN,WHAKATANE DISTRICT,2004,7AT0C13JX15
GREY,BOAT TRAILER,0,2012,10,0,TRAILER,BOAT TRAILER,0,NEW ZEALAND,PORIRUA CITY,2012,0
YELLOW,OTHER TRUCK,12913,2015,12,29000,HINO,700,DIESEL,JAPAN,CENTRAL HAWKE'S BAY DISTRICT,2015,JHDFY1EUKXX
BLUE,DOMESTIC TRAILER,0,1947,2,1999,TRAILER,HOMEMADE,0,NOT KNOWN,AUCKLAND,1947,0
BLUE,SALOON,1331,2005,1,0,TOYOTA,CORSA,PETROL,JAPAN,AUCKLAND,1995,7A8H6080704
GREEN,SALOON,3565,2005,4,0,HOLDEN,COMMODORE,PETROL,AUSTRALIA,TIMARU DISTRICT,2005,6G1ZK54B75L
BLACK,STATION WAGON,2982,2015,6,2990,TOYOTA,LANDCRUISER,DIESEL,JAPAN,DUNEDIN CITY,2015,JTEBH3FJ60K
GREEN,STATION WAGON,3950,2000,2,2825,LAND ROVER,DISCOVERY,PETROL,UNITED KINGDOM,WAIMAKARIRI DISTRICT,2000,SALLTGM23YA
BLUE,DOMESTIC TRAILER,0,2005,7,0,TRAILER,HOMEBUILT,0,NEW ZEALAND,SOUTH WAIRARAPA DISTRICT,2005,0
WHITE,FLAT-DECK TRAILER,0,1967,1,1999,TRAILER,LOCAL,0,NOT KNOWN,WHANGANUI DISTRICT,1967,0
SILVER,HATCHBACK,1290,2015,12,1365,TOYOTA,PORTE,PETROL,JAPAN,AUCKLAND,2004,7AT0H64WX15
SILVER,HATCHBACK,1598,2007,10,1680,PEUGEOT,207,PETROL,FRANCE,WELLINGTON CITY,2007,VF3WC5FWF33
BLUE,FLAT-DECK TRAILER,0,1986,8,27500,DOMETT,FRUEHAUF,0,NEW ZEALAND,AUCKLAND,1986,7A8JW210299
WHITE,LIGHT VAN,2198,2015,12,2900,FORD,TRANSIT,DIESEL,OTHER,CHRISTCHURCH CITY,2015,WF0YXXTTGYF
BLACK,HATCHBACK,1780,2015,12,1485,VOLKSWAGEN,POLO,PETROL,GERMANY,NAPIER CITY,2007,WVWZZZ9NZ7Y
SILVER,DOMESTIC TRAILER,0,2015,12,0,TRAILER,SINGLE AXLE,0,POLAND,CHRISTCHURCH CITY,2015,0
SILVER,DOMESTIC TRAILER,0,2012,7,0,TRAILER,SINGLE AXLE,0,NEW ZEALAND,WAIPA DISTRICT,2012,0
WHITE,STATION WAGON,1596,2014,6,2250,FORD,KUGA,PETROL,SPAIN,MANAWATU DISTRICT,2014,WF0AXXWPMAE
WHITE,SELF PROPELLED CARAVAN,4170,2003,10,5400,NISSAN,CIVILIAN,DIESEL,JAPAN,CHRISTCHURCH CITY,1994,7A8DH071003
SILVER,DOMESTIC TRAILER,0,2015,10,0,TITAN,9X5 TANDEM,0,NEW ZEALAND,WAIPA DISTRICT,2015,0
RED,DOMESTIC TRAILER,0,1961,10,1999,TRAILER,BURNETT,0,NOT KNOWN,INVERCARGILL CITY,1961,0
SILVER,DOMESTIC TRAILER,0,1983,9,1999,TRAILER,OLEARY,0,NOT KNOWN,KAIPARA DISTRICT,1983,0
WHITE,BOAT TRAILER,0,2013,12,0,TRAILER,JET SKI TRAILER,0,UNITED STATES,AUCKLAND,2009,0
WHITE,SELF PROPELLED CARAVAN,2143,2015,12,4490,MERCEDES-BENZ,SPRINTER,DIESEL,GERMANY,AUCKLAND,2015,WDB9061552N
SILVER,HATCHBACK,1997,2015,12,1938,NISSAN,QASHQAI,PETROL,UNITED KINGDOM,AUCKLAND,2015,SJNFBAJ11A1
GREY,HATCHBACK,1364,2014,7,1681,HOLDEN,BARINA,PETROL,SOUTH KOREA,UPPER HUTT CITY,2014,KL3TA4889EB
SILVER,STATION WAGON,1969,2015,12,2330,VOLVO,XC60,PETROL,SWEDEN,LOWER HUTT CITY,2015,YV1DZ40CDG2
BLACK,SALOON,1990,2015,12,1635,SUBARU,IMPREZA,PETROL,JAPAN,WAIPA DISTRICT,2008,7AT0GF09X15
BLACK,HATCHBACK,1490,2015,12,1425,NISSAN,TIIDA,PETROL,JAPAN,NAPIER CITY,2006,7AT0DH78X15
BLACK,STATION WAGON,1998,2015,12,1685,TOYOTA,AVENSIS,PETROL,UNITED STATES,WHANGAREI DISTRICT,2006,7AT0H63MX15
SILVER,BOAT TRAILER,0,2015,12,0,TRAILER,MCLAY,0,NEW ZEALAND,WHANGAREI DISTRICT,2015,0
WHITE,STATION WAGON,3456,2015,12,2740,TOYOTA,HIGHLANDER,PETROL,UNITED STATES,AUCKLAND,2015,5TDBK3FH70S
RED,DOMESTIC TRAILER,0,1978,8,1999,PINTO,TRAILER,0,NOT KNOWN,FAR NORTH DISTRICT,1978,0
GREY,LIGHT VAN,1973,2000,3,1430,HONDA,CRV,PETROL,JAPAN,NEW PLYMOUTH DISTRICT,2000,JHLRD1740YC
WHITE,SELF PROPELLED CARAVAN,2143,2015,12,4490,MERCEDES-BENZ,SPRINTER,DIESEL,GERMANY,AUCKLAND,2015,WDB9061552N
RED,STATION WAGON,1790,2015,12,1705,TOYOTA,WISH,PETROL,JAPAN,CHRISTCHURCH CITY,2004,7AT0H64BX15
GREY,STATION WAGON,2988,2015,12,2949,JEEP,GRAND CHEROKEE,DIESEL,UNITED STATES,AUCKLAND,2015,1C4RJFGM6FC
GOLD,SALOON,3497,2002,10,1895,MITSUBISHI,DIAMANTE,PETROL,AUSTRALIA,LOWER HUTT CITY,2002,6MMTJ8D422T
BLACK,HATCHBACK,1990,2015,12,1615,SUBARU,IMPREZA,PETROL,JAPAN,LOWER HUTT CITY,2008,7AT0GF09X15
RED,SALOON,1998,2000,12,1455,TOYOTA,CARINA,PETROL,JAPAN,MARLBOROUGH DISTRICT,1995,7A8H6010700
WHITE,LIGHT VAN,1998,2000,6,2295,FORD,ECONOVAN,PETROL,JAPAN,CHRISTCHURCH CITY,2000,JC0AAASGMEX
SILVER,STATION WAGON,1490,2015,12,1435,HONDA,AIRWAVE,PETROL,JAPAN,WHANGANUI DISTRICT,2006,7AT08GBNX15
WHITE,STATION WAGON,2495,2015,4,2450,NISSAN,ELGRAND,PETROL,JAPAN,GISBORNE DISTRICT,2006,7AT0DH6MX14
YELLOW,MOTORCYCLE,398,2015,12,0,SUZUKI,DR-Z400,PETROL,JAPAN,TASMAN DISTRICT,2015,JS1BB111100
SILVER,SALOON,4987,1994,10,0,HOLDEN,CALAIS,PETROL,AUSTRALIA,OPOTIKI DISTRICT,1994,6H8VRX19USL
SILVER,STATION WAGON,1998,2015,12,1685,TOYOTA,AVENSIS,PETROL,UNITED KINGDOM,AUCKLAND,2006,7AT0H63MX15
BLACK,STATION WAGON,2350,2014,7,1725,HONDA,CRV,PETROL,JAPAN,MARLBOROUGH DISTRICT,2004,7AT08G7HX14
BLUE,UTILITY,3198,2015,12,3200,FORD,RANGER,DIESEL,THAILAND,AUCKLAND,2015,MNAUMFF50FW
BLACK,HATCHBACK,1330,2015,12,1295,MITSUBISHI,COLT,PETROL,JAPAN,AUCKLAND,2007,7AT0CJ0XX15
SILVER,SALOON,1590,1997,4,1080,HONDA,CIVIC,PETROL,JAPAN,CHRISTCHURCH CITY,1997,7A3EK1530TN
SILVER,OTHER COMMERCIAL TRAILER,0,2015,11,34000,TRAILER,LUSK ENGINEERING,0,NEW ZEALAND,SELWYN DISTRICT,2015,7AT0H900X15
SILVER,HATCHBACK,1660,2015,11,1690,HONDA,EDIX,PETROL,JAPAN,UPPER HUTT CITY,2004,7AT08GB5X15
BLACK,STATION WAGON,1999,2015,11,1980,KIA,SPORTAGE,PETROL,OTHER,AUCKLAND,2015,U5YPC81BMFL
SILVER,HATCHBACK,1498,2012,7,1425,NISSAN,TIIDA,PETROL,JAPAN,AUCKLAND,2005,7AT0DH78X12
GREY,HATCHBACK,1490,2012,7,1305,TOYOTA,IST,PETROL,JAPAN,ROTORUA DISTRICT,2005,7AT0H647X12
SILVER,SPORTS CAR,3495,2005,1,0,NISSAN,350Z,PETROL,JAPAN,DUNEDIN CITY,2005,JN12AAZ33A0
RED,STATION WAGON,1790,2012,6,1685,TOYOTA,WISH,PETROL,JAPAN,MARLBOROUGH DISTRICT,2004,7AT0H64BX12
SILVER,DOMESTIC TRAILER,0,2011,5,0,TRAILER,TRAYLA 8 X 4.6,0,NEW ZEALAND,NAPIER CITY,2011,0
SILVER,STATION WAGON,1975,2007,3,0,HYUNDAI,TUCSON,PETROL,SOUTH KOREA,MASTERTON DISTRICT,2007,KMHJN81BR7U
SILVER,DOMESTIC TRAILER,0,2012,2,0,TRAILER,MULTI PURPOSE,0,NEW ZEALAND,HAMILTON CITY,2012,0
WHITE,LIGHT VAN,2497,2015,12,3160,HYUNDAI,ILOAD,DIESEL,SOUTH KOREA,WAITOMO DISTRICT,2015,KMFWBX7KLFU
GREY,HATCHBACK,1330,2015,12,1275,HONDA,FIT,PETROL,JAPAN,HAMILTON CITY,2005,7AT08G2YX15
GREY,DOMESTIC TRAILER,0,1980,7,1999,TRAILER,HOMEMADE,0,NOT KNOWN,WAIPA DISTRICT,1980,0
SILVER,DOMESTIC TRAILER,0,2010,3,0,TRAILER,8X5 BRK T,0,NEW ZEALAND,AUCKLAND,2010,0
BLACK,HATCHBACK,1498,2015,11,1425,NISSAN,TIIDA,PETROL,JAPAN,AUCKLAND,2004,7AT0DH78X15
BLUE,STATION WAGON,2498,2015,6,2080,SUBARU,FORESTER,PETROL,JAPAN,GISBORNE DISTRICT,2015,JF2SJ9KC5FG
BLUE,HATCHBACK,1330,2015,11,1275,HONDA,FIT,PETROL,JAPAN,WAIMAKARIRI DISTRICT,2004,7AT08G2YX15
WHITE,MOTORCYCLE,200,2015,11,0,KTM,200,PETROL,INDIA,AUCKLAND,2015,VBKJUC402FC
RED,FLAT-DECK TRAILER,0,2000,12,24000,ROADMASTER,SP,0,NEW ZEALAND,HASTINGS DISTRICT,2000,7A8KD020200
WHITE,STATION WAGON,3564,2015,9,2229,HOLDEN,COMMODORE,PETROL,AUSTRALIA,AUCKLAND,2015,6G1FB8E35FL
SILVER,UTILITY,2499,2006,6,2720,FORD,COURIER,DIESEL,THAILAND,AUCKLAND,2006,MNALSFD406W
PINK,SALOON,3000,1990,2,0,MITSUBISHI,V3000 S/S,PETROL,JAPAN,PALMERSTON NORTH CITY,1990,0
GREEN,HATCHBACK,1339,2011,8,0,HONDA,JAZZ,PETROL,JAPAN,CHRISTCHURCH CITY,2011,JHMGE6750CS
GREEN,MOTORCYCLE,390,2015,12,0,KAWASAKI,NINJA,PETROL,JAPAN,WELLINGTON CITY,2012,7AT09X0FX15
WHITE,HATCHBACK,1299,2015,12,1490,TOYOTA,YARIS,PETROL,JAPAN,DUNEDIN CITY,2015,JTDKW3D390D
BLACK,STATION WAGON,1980,2015,12,1785,VOLKSWAGEN,PASSAT,PETROL,GERMANY,NEW PLYMOUTH DISTRICT,2008,WVWZZZ3CZ8E
WHITE,DOMESTIC TRAILER,0,2015,12,1100,TRAILER,CANFAB,0,NEW ZEALAND,CHRISTCHURCH CITY,2015,0
BLUE,HATCHBACK,1490,2002,1,0,HONDA,CIVIC,PETROL,JAPAN,SELWYN DISTRICT,1995,7A88G0W0701
SILVER,DOMESTIC TRAILER,0,2011,8,0,TRAILER,DOMESTIC,0,NEW ZEALAND,AUCKLAND,2011,0
SILVER,MOTORCYCLE,636,2005,8,0,KAWASAKI,ZX,PETROL,JAPAN,MATAMATA-PIAKO DISTRICT,2005,JKBZXJC155A
WHITE,CARAVAN,0,2004,8,0,CARAVAN,LEISURELINE,0,NEW ZEALAND,CHRISTCHURCH CITY,2004,0
YELLOW,OTHER COMMERCIAL TRAILER,0,1983,3,1999,TRAILER,TANKER TRAIL,0,NOT KNOWN,INVERCARGILL CITY,1976,0
RED,DOMESTIC TRAILER,0,1986,6,3499,HOMEBUILT,LOCAL,0,NEW ZEALAND,WHANGAREI DISTRICT,1986,0
WHITE,CARAVAN,0,2015,12,1220,SPRITE,ALPINE,0,UNITED KINGDOM,NELSON CITY,2010,0
GREY,DOMESTIC TRAILER,0,2010,2,0,TRAILER,VULCAN KS-C7L,0,CHINA,AUCKLAND,2010,0
SILVER,CAB AND CHASSIS ONLY,2298,2015,12,2910,NISSAN,NAVARA,DIESEL,THAILAND,AUCKLAND,2015,MNTEB4D23A0
GREY,CARAVAN,0,1968,12,1999,ANGLO,0,0,NOT KNOWN,MATAMATA-PIAKO DISTRICT,1968,0
BLACK,STATION WAGON,2967,2015,1,3125,AUDI,Q7,DIESEL,GERMANY,AUCKLAND,2011,WAUZZZ4L9CD
WHITE,UTILITY,2776,2015,12,3300,HOLDEN,COLORADO,DIESEL,AUSTRALIA,KAIPARA DISTRICT,2013,MMU143BH0DH
RED,HATCHBACK,1997,2015,12,2250,FORD,MONDEO,DIESEL,SPAIN,SELWYN DISTRICT,2015,WF0EXXWPCEF
SILVER,BOAT TRAILER,0,2015,12,0,TRAILER,BOAT,0,NEW ZEALAND,WHANGANUI DISTRICT,2015,0
WHITE,DOMESTIC TRAILER,0,2006,12,0,TRAILER,HOMEBUILT,0,NEW ZEALAND,INVERCARGILL CITY,1985,0
WHITE,MOTORCYCLE,390,2015,12,0,HONDA,CB,PETROL,JAPAN,AUCKLAND,2002,7AT08G0HX15
GREY,STATION WAGON,2260,2012,2,2270,MAZDA,MPV,PETROL,JAPAN,WAIPA DISTRICT,2006,7AT0C11EX11
GREEN,DOMESTIC TRAILER,0,1976,3,1999,TRAILER,HOMEMADE,0,NOT KNOWN,MARLBOROUGH DISTRICT,1976,0
WHITE,LIGHT VAN,1998,2015,11,3035,TOYOTA,HIACE,PETROL,JAPAN,AUCKLAND,2011,7AT0H60FX15
BLACK,HATCHBACK,1798,2012,10,1805,TOYOTA,COROLLA,PETROL,JAPAN,AUCKLAND,2012,JTNKU3JE30J
GREY,STATION WAGON,2260,2010,12,2035,MAZDA,MPV,PETROL,JAPAN,NEW PLYMOUTH DISTRICT,2004,7AT0C11EX10
BLUE,DOMESTIC TRAILER,0,2015,11,2500,HOMEBUILT,GLENTUI,0,NEW ZEALAND,SOUTHLAND DISTRICT,2015,0
BLACK,MOTORCYCLE,1538,2012,6,0,VICTORY,KINGPIN,PETROL,UNITED STATES,NEW PLYMOUTH DISTRICT,2008,5VPCB26L683
GREY,BOAT TRAILER,0,2015,12,0,TRAILER,BOAT,0,NEW ZEALAND,FAR NORTH DISTRICT,2014,0
WHITE,LIGHT VAN,2980,2015,12,3225,TOYOTA,HIACE,DIESEL,JAPAN,NEW PLYMOUTH DISTRICT,2012,7AT0H60FX15
YELLOW,HATCHBACK,1580,2015,12,1335,SUZUKI,SWIFT,PETROL,JAPAN,DUNEDIN CITY,2007,7AT0GK0CX15
SILVER,DOMESTIC TRAILER,0,2011,8,0,TRAILER,HOMEBUILD,0,NEW ZEALAND,AUCKLAND,2011,0
SILVER,STATION WAGON,2360,2015,12,2135,TOYOTA,ESTIMA,PETROL,JAPAN,AUCKLAND,2007,7AT0H61YX15
GREY,STATION WAGON,2260,2015,10,1665,MAZDA,AXELA,PETROL,JAPAN,AUCKLAND,2008,7AT0C13JX15
GREY,SALOON,1990,2015,12,1555,MAZDA,AXELA,PETROL,JAPAN,SOUTH TARANAKI DISTRICT,2006,7AT0C13JX15
GREY,SALOON,3498,2005,11,0,NISSAN,MAXIMA,PETROL,JAPAN,GISBORNE DISTRICT,2005,JN1BBUJ31A0
WHITE,SALOON,2970,2015,12,1750,BMW,135I,PETROL,GERMANY,AUCKLAND,2010,WBAUC72070V
RED,STATION WAGON,2362,2012,4,2100,TOYOTA,RAV4,PETROL,JAPAN,WHAKATANE DISTRICT,2012,JTMBD33VX0D
SILVER,SALOON,1990,2015,11,1745,BMW,320,PETROL,UNITED KINGDOM,AUCKLAND,2008,WBAVG76060N
WHITE,SALOON,3490,2015,11,1895,NISSAN,SKYLINE,PETROL,JAPAN,TAURANGA CITY,2007,7AT0DH12X15
RED,MOTORCYCLE,300,2015,11,0,SUZUKI,QUAD BIKE,PETROL,JAPAN,PALMERSTON NORTH CITY,1990,0
WHITE,STATION WAGON,2696,2014,5,2760,SSANGYONG,REXTON,DIESEL,SOUTH KOREA,INVERCARGILL CITY,2014,KPTH0B1FSEP
SILVER,STATION WAGON,2480,2015,12,2140,NISSAN,PRESEA,PETROL,JAPAN,AUCKLAND,2005,7AT0DH6HX15
WHITE,STATION WAGON,3000,2015,12,2750,ISUZU,MU-X,DIESEL,THAILAND,CHRISTCHURCH CITY,2015,MPAUCS85GFT
GREY,DOMESTIC TRAILER,0,2015,12,0,HOMEBUILT,TRAILER,0,NEW ZEALAND,TAURANGA CITY,2009,0
WHITE,HATCHBACK,1990,2015,12,1555,MAZDA,AXELA,PETROL,JAPAN,CHRISTCHURCH CITY,2006,7AT0C13JX15
BLACK,STATION WAGON,2450,2015,12,1805,SUBARU,OUTBACK,PETROL,JAPAN,CHRISTCHURCH CITY,2009,7AT0GF16X15
BLUE,LIGHT VAN,1998,1997,3,2685,TOYOTA,HIACE,PETROL,JAPAN,INVERCARGILL CITY,1990,7A8H60F0897
BLACK,STATION WAGON,2900,2005,2,0,HYUNDAI,TERRACAN,DIESEL,SOUTH KOREA,TAURANGA CITY,2005,KMHNM81XR5U
BLACK,MOTORCYCLE,650,2003,12,0,SUZUKI,LS650,PETROL,JAPAN,AUCKLAND,2003,JS1NP41A632
SILVER,STATION WAGON,1496,2012,2,1305,TOYOTA,IST,PETROL,JAPAN,CHRISTCHURCH CITY,2002,7AT0H647X11
WHITE,SALOON,1498,2005,7,1265,TOYOTA,SPRINTER,PETROL,JAPAN,AUCKLAND,1995,7A8H60W0705
SILVER,STATION WAGON,3198,2015,11,3100,FORD,EVEREST,DIESEL,THAILAND,KAIPARA DISTRICT,2015,MNAAXXMAWAF
BLUE,SALOON,1587,1993,3,0,TOYOTA,COROLLA,PETROL,JAPAN,AUCKLAND,1993,0
WHITE,HATCHBACK,1240,2015,11,1275,SUZUKI,SWIFT,PETROL,JAPAN,HAMILTON CITY,2007,7AT0GK0CX15
SILVER,SALOON,2497,2015,11,1775,TOYOTA,MARKX,PETROL,JAPAN,AUCKLAND,2006,7AT0H64TX15
GREY,DOMESTIC TRAILER,0,2015,11,0,HOMEBUILT,TRAILER,0,NEW ZEALAND,TASMAN DISTRICT,2015,0
SILVER,DOMESTIC TRAILER,0,2011,5,0,TRAILER,FACTORYBUILT,0,NEW ZEALAND,WELLINGTON CITY,2011,0
GREY,UTILITY,3198,2015,11,3200,FORD,RANGER,DIESEL,THAILAND,AUCKLAND,2015,MNAUMFF50FW
WHITE,SALOON,1590,2014,12,1815,VOLVO,S60,PETROL,SWEDEN,AUCKLAND,2011,YV1FS485BC2
SILVER,SALOON,1598,2015,12,1870,SKODA,OCTAVIA,DIESEL,CZECH REPUBLIC,WELLINGTON CITY,2015,TMBBG7NE2G0
WHITE,LIGHT VAN,2753,1984,1,0,NISSAN,PATROL,DIESEL,NOT KNOWN,WAIMAKARIRI DISTRICT,1983,7A8DH0Y0794
BLUE,MOTORCYCLE,1450,2006,4,0,HARLEY DAVIDSON,FXDX,PETROL,UNITED STATES,GREY DISTRICT,2002,5HD1GJV133K
GREEN,SPORTS CAR,4951,2015,12,2087,FORD,MUSTANG,PETROL,UNITED STATES,AUCKLAND,2015,1FA6P8CF5G5
GREY,SALOON,1991,2015,12,1965,MERCEDES-BENZ,A-CLASS,PETROL,HUNGARY,AUCKLAND,2015,WDD1173512N
SILVER,OTHER COMMERCIAL TRAILER,0,2015,12,0,TRAILER,FACTORY BUILT,0,NEW ZEALAND,TASMAN DISTRICT,2015,0
SILVER,DOMESTIC TRAILER,0,2014,11,0,TRAILER,SPIRIG ENGINEERING,0,NEW ZEALAND,TAURANGA CITY,2014,0
SILVER,UTILITY,3198,2015,12,3200,FORD,RANGER,DIESEL,THAILAND,AUCKLAND,2015,MNAUMFF50FW
WHITE,DOMESTIC TRAILER,0,2015,5,0,TRAILER,WELLSIDE,0,NEW ZEALAND,ROTORUA DISTRICT,2015,0
BLACK,HATCHBACK,1498,2015,11,1900,FORD,FOCUS,PETROL,THAILAND,WELLINGTON CITY,2015,MPB3XXMXC3F
BLACK,STATION WAGON,2450,2015,11,1725,SUBARU,LEGACY,PETROL,JAPAN,INVERCARGILL CITY,2008,7AT0GF0BX15
WHITE,OTHER TRUCK,5193,2015,12,10400,ISUZU,F SERIES,DIESEL,JAPAN,MARLBOROUGH DISTRICT,2015,JALFRR90ME7
WHITE,SALOON,1598,2015,12,1870,SKODA,OCTAVIA,DIESEL,CZECH REPUBLIC,WELLINGTON CITY,2015,TMBBG7NE0G0
RED,STATION WAGON,1994,2008,12,1655,SUBARU,LEGACY,PETROL,JAPAN,HAMILTON CITY,2003,7A8GF0B0708
BLACK,UTILITY,5359,2015,11,2222,CHEVROLET,EL CAMINO,PETROL,UNITED STATES,DUNEDIN CITY,1959,7AT02R16X15
GREEN,LIGHT VAN,1761,1994,7,0,PEUGEOT,306XR1.8TM,PETROL,UNITED KINGDOM,AUCKLAND,1994,VF37AL6A230
BLUE,UTILITY,2442,2015,11,2760,MITSUBISHI,TRITON,DIESEL,THAILAND,AUCKLAND,2015,MMAJYKK10GH
RED,HATCHBACK,1490,2015,12,1345,TOYOTA,VITZ,PETROL,JAPAN,KAIKOURA DISTRICT,2010,7AT0H63EX15
BLACK,SPORTS CAR,4600,2015,9,0,FORD,MUSTANG,PETROL,UNITED STATES,SELWYN DISTRICT,2006,1ZVHT82H665
BLUE,OTHER COMMERCIAL TRAILER,0,2010,9,26000,DOMETT,D1001,0,NEW ZEALAND,HAMILTON CITY,2010,7A9D10015A0
SILVER,STATION WAGON,1998,2015,12,1565,TOYOTA,CALDINA,PETROL,JAPAN,NELSON CITY,2005,7AT0H624X15
SILVER,SALOON,1998,2015,12,1850,MITSUBISHI,LANCER,PETROL,JAPAN,AUCKLAND,2015,JMFSTCY4AFU
WHITE,LIGHT VAN,2982,2007,9,2800,TOYOTA,HIACE,DIESEL,JAPAN,PALMERSTON NORTH CITY,2007,JTFHT02P100
BLACK,BOAT TRAILER,0,2015,12,0,TRAILER,APS SEADOO,0,NEW ZEALAND,CHRISTCHURCH CITY,2015,0
GREY,STATION WAGON,1490,2015,12,1495,NISSAN,WINGROAD,PETROL,JAPAN,NELSON CITY,2008,7AT0DH5GX15
SILVER,HATCHBACK,1490,2015,8,1375,NISSAN,NOTE,PETROL,JAPAN,AUCKLAND,2011,7AT0DH79X15
BLUE,SALOON,4196,2003,9,2250,JAGUAR,XJR8,PETROL,UNITED KINGDOM,PALMERSTON NORTH CITY,2003,SAJAC73R84T
BLUE,DOMESTIC TRAILER,0,1998,10,0,BRIFORD,8 X 4 SINGLE AXLE,0,NEW ZEALAND,WELLINGTON CITY,1998,0
SILVER,STATION WAGON,2993,2015,11,3240,LAND ROVER,DISCOVERY,DIESEL,UNITED KINGDOM,HASTINGS DISTRICT,2015,SALLAAAN5GA
WHITE,STATION WAGON,2362,2015,11,2055,TOYOTA,ESTIMA,PETROL,JAPAN,AUCKLAND,2004,7AT0H61YX15
GREY,SALOON,1500,1990,3,0,MITSUBISHI,LANCER,PETROL,JAPAN,NELSON CITY,1990,0
ORANGE,STATION WAGON,1770,1974,9,0,DATSUN,180B/SW,PETROL,NOT KNOWN,FAR NORTH DISTRICT,1974,0
SILVER,DOMESTIC TRAILER,0,2015,11,1000,TRAILER,HOMEBUILT,0,NEW ZEALAND,THAMES-COROMANDEL DISTRICT,2015,0
WHITE,SELF PROPELLED CARAVAN,2143,2015,11,4490,MERCEDES-BENZ,SPRINTER,DIESEL,GERMANY,AUCKLAND,2015,WDB9061552N
RED,SALOON,1975,2004,11,0,HYUNDAI,LANTRA,PETROL,SOUTH KOREA,HAMILTON CITY,2004,KMHDN41DR5U
GREY,STATION WAGON,3456,2015,12,2740,TOYOTA,HIGHLANDER,PETROL,UNITED STATES,OTOROHANGA DISTRICT,2015,5TDDK3FH80S
BLUE,DOMESTIC TRAILER,0,1990,10,1500,HOMEBUILT,STEEL BUILT,0,NEW ZEALAND,NELSON CITY,1990,0
WHITE,CARAVAN,0,1996,2,1600,CARAVAN,REGAL,0,AUSTRALIA,TAURANGA CITY,1996,6D9T21RTAS2
WHITE,SALOON,2988,2002,7,0,NISSAN,MAXIMA,PETROL,JAPAN,AUCKLAND,2002,JN1CCUA33A0
SILVER,DOMESTIC TRAILER,0,2015,12,2500,TRAILER,10X5,0,NEW ZEALAND,CHRISTCHURCH CITY,2015,0
BLACK,HATCHBACK,1240,2015,12,1255,SUZUKI,SWIFT,PETROL,JAPAN,AUCKLAND,2014,7AT0GK0CX15
BLUE,SPORTS CAR,1300,2015,12,1360,MAZDA,RX7,PETROL,JAPAN,AUCKLAND,1995,7AT0C11XX15
SILVER,STATION WAGON,2370,2015,12,2005,MITSUBISHI,GRANDIS,PETROL,JAPAN,AUCKLAND,2004,7AT0CJ3KX15
BLUE,DOMESTIC TRAILER,0,1991,1,3499,HOMEBUILT,LOCHIEL,0,NEW ZEALAND,QUEENSTOWN-LAKES DISTRICT,1990,0
BLUE,HATCHBACK,1490,2015,12,1375,TOYOTA,RUNX,PETROL,JAPAN,SELWYN DISTRICT,2004,7AT0H65KX15
SILVER,DOMESTIC TRAILER,0,2004,1,0,TRAILER,DOMESTIC,0,NEW ZEALAND,OPOTIKI DISTRICT,1985,0
WHITE,SELF PROPELLED CARAVAN,2143,2015,11,4490,MERCEDES-BENZ,SPRINTER,DIESEL,GERMANY,AUCKLAND,2015,WDB9061552N
GREY,HATCHBACK,1798,2008,7,1805,TOYOTA,COROLLA,PETROL,JAPAN,WAIPA DISTRICT,2008,JTNKU58E101
SILVER,SALOON,1497,2003,4,0,NISSAN,SUNNY,PETROL,JAPAN,DUNEDIN CITY,1995,7A8DH140703
BLACK,MOTORCYCLE,1199,2005,1,0,KAWASAKI,ZX,PETROL,JAPAN,AUCKLAND,2005,JKAZX9B1X4A
BLACK,HATCHBACK,1490,2015,12,1605,SUBARU,IMPREZA,PETROL,JAPAN,AUCKLAND,2007,7AT0GF09X15
BLACK,SALOON,1587,2001,2,1340,TOYOTA,COROLLA,PETROL,JAPAN,CHRISTCHURCH CITY,1991,7A8H6070700
GREEN,DOMESTIC TRAILER,0,1976,3,1999,HOMEBUILT,TRAILER,0,NOT KNOWN,CHRISTCHURCH CITY,1976,0
WHITE,LIGHT VAN,2290,2012,3,2290,MERCEDES-BENZ,230,PETROL,GERMANY,WAIKATO DISTRICT,2003,WDF63829423
WHITE,SPORTS CAR,4951,2015,12,2087,FORD,MUSTANG,PETROL,UNITED STATES,NEW PLYMOUTH DISTRICT,2015,1FA6P8CF4G5
BLACK,DOMESTIC TRAILER,0,1956,5,1999,TRAILER,LOCAL,0,NOT KNOWN,AUCKLAND,1956,0
CREAM,CARAVAN,0,1977,8,1999,LITEWEIGHT,PLAYBOY,0,NOT KNOWN,WESTERN BAY OF PLENTY DISTRICT,1977,0
WHITE,SELF PROPELLED CARAVAN,2143,2015,12,4490,MERCEDES-BENZ,SPRINTER,DIESEL,GERMANY,AUCKLAND,2015,WDB9061552N
BLUE,HATCHBACK,1240,2015,12,1265,SUZUKI,SWIFT,PETROL,JAPAN,WAIMAKARIRI DISTRICT,2011,7AT0GK0CX15
WHITE,STATION WAGON,2990,2015,12,1815,SUBARU,OUTBACK,PETROL,JAPAN,GISBORNE DISTRICT,2007,7AT0GF16X15
GREY,SALOON,1990,2015,12,1675,MAZDA,ATENZA,PETROL,JAPAN,AUCKLAND,2008,7AT0C139X15
CREAM,SALOON,4015,1971,12,0,CHRYSLER,RANGER XL AU,PETROL,NOT KNOWN,AUCKLAND,1971,0
GREEN,SALOON,2598,1997,10,1405,AUDI,A4,PETROL,GERMANY,AUCKLAND,1997,WAUZZZ8DZVA
SILVER,DOMESTIC TRAILER,0,2015,11,1000,TRAILER,TRAILER WORLD 7X5,0,NEW ZEALAND,FAR NORTH DISTRICT,2015,0
BLUE,SALOON,4970,2015,11,2375,MERCEDES-BENZ,500,PETROL,GERMANY,WESTERN BAY OF PLENTY DISTRICT,1995,WDB1400502A
RED,SALOON,2000,1990,4,0,LANCIA,DELTA INTEGRALE 16V,PETROL,ITALY,PORIRUA CITY,1990,0
RED,MOTORCYCLE,781,2008,10,0,HONDA,VFR,PETROL,JAPAN,LOWER HUTT CITY,2008,JH2RC46UX8K
GREY,SALOON,1468,1991,2,0,MITSUBISHI,LANCER,PETROL,JAPAN,PALMERSTON NORTH CITY,1990,0
